timestamp,open,low,high,close,OPENPOSITIONVALUE,VALUE,VOLUME,open_interest,SETTLEPRICE,SWAPRATE,WAPRICE,CHANGE,QTY,NUMTRADES
2022-06-09,,,,,0.0,,,0,87999.0,,,,,0
2022-06-10,,,,,0.0,,,0,85569.0,,,,,0
2022-06-14,,,,,0.0,,,0,89309.0,,,,,0
2022-06-15,,,,,0.0,,,0,85291.0,,,,,0
2022-06-16,80275.0,80103.0,80275.0,80103.0,674328.0,320928.0,4.0,8,84291.0,,80232.0,,1.0,4
2022-06-17,83101.0,80250.0,83101.0,80300.0,4253600.0,1929059.0,24.0,52,81800.0,,80377.0,0.25,1.0,13
2022-06-20,,,,,4260464.0,,,52,81932.0,,,,,0
2022-06-21,78360.0,78074.0,78360.0,78074.0,5370486.0,547375.0,7.0,66,81371.0,,78196.0,,4.0,4
2022-06-22,79000.0,76434.0,79000.0,76528.0,7040576.0,1079473.0,14.0,92,76528.0,,77105.0,-1.98,1.0,8
2022-06-23,75000.0,74927.0,75721.0,74927.0,9540594.0,1508478.0,20.0,126,75719.0,,75424.0,-2.09,2.0,10
2022-06-24,76654.0,75007.0,76654.0,75007.0,10973620.0,676710.0,9.0,140,78383.0,,75190.0,0.11,1.0,5
2022-06-27,72713.0,72627.0,72713.0,72703.0,11100000.0,508555.0,7.0,150,74000.0,,72651.0,-3.07,1.0,6
2022-06-28,71011.0,70408.0,71011.0,71000.0,11139000.0,776902.0,11.0,158,70500.0,,70627.0,-2.34,1.0,10
2022-06-29,68697.0,68539.0,70205.0,69995.0,16938790.0,3609811.0,52.0,242,69995.0,,69419.0,-1.42,1.0,44
2022-06-30,71334.0,69654.0,71334.0,69654.0,17538950.0,493830.0,7.0,242,72475.0,,70547.0,-0.49,1.0,7
2022-07-01,72877.0,72806.0,74111.0,72806.0,18228000.0,951390.0,13.0,248,73500.0,,73184.0,4.52,1.0,12
2022-07-04,74000.0,69340.0,76000.0,73000.0,19754592.0,1529834.0,21.0,264,74828.0,,72849.0,0.27,1.0,21
2022-07-05,72500.0,72500.0,76239.0,74000.0,23407696.0,2471827.0,33.0,304,76999.0,,74904.0,1.37,2.0,30
2022-07-06,78694.0,73503.0,79102.0,75383.0,25780986.0,2430816.0,32.0,342,75383.0,,75963.0,1.87,1.0,31
2022-07-07,76150.0,73000.0,76300.0,73000.0,26864000.0,1414212.0,19.0,368,73000.0,,74432.0,-3.16,1.0,19
2022-07-08,72222.0,72210.0,74186.0,73800.0,28130760.0,804675.0,11.0,378,74420.0,,73152.0,1.1,1.0,11
2022-07-11,74100.0,74100.0,74100.0,74100.0,28342440.0,74100.0,1.0,378,74980.0,,74100.0,0.41,1.0,1
2022-07-12,71638.0,71555.0,71638.0,71555.0,28182700.0,715641.0,10.0,380,74165.0,,71564.0,-3.44,1.0,10
2022-07-13,72198.0,72198.0,72198.0,72198.0,28324536.0,72198.0,1.0,382,74148.0,,72198.0,0.9,1.0,1
2022-07-14,71900.0,71320.0,72392.0,72392.0,27798528.0,359012.0,5.0,384,72392.0,,71802.0,0.27,1.0,5
2022-07-15,70946.0,70000.0,71525.0,70700.0,31249842.0,2762856.0,39.0,442,70701.0,,70842.0,-2.34,1.0,33
2022-07-18,71200.0,70000.0,71200.0,70980.0,36199800.0,2884593.0,41.0,510,70980.0,,70356.0,0.4,1.0,25
2022-07-19,69901.0,68000.0,69901.0,68941.0,52118640.0,9337222.0,136.0,756,68940.0,,68656.0,-2.87,1.0,45
2022-07-20,67602.0,64300.0,67602.0,65750.0,70878500.0,12450025.0,191.0,1078,65750.0,,65183.0,-4.63,2.0,83
2022-07-21,65497.0,65320.0,68889.0,67349.0,77797644.0,4036340.0,61.0,1156,67299.0,,66170.0,2.43,1.0,43
2022-07-22,66500.0,66500.0,68389.0,67500.0,81270000.0,2557264.0,38.0,1204,67500.0,,67296.0,0.22,1.0,29
2022-07-25,68500.0,66000.0,68800.0,68350.0,92272500.0,5734088.0,85.0,1350,68350.0,,67460.0,1.26,1.0,58
2022-07-26,68875.0,67765.0,72365.0,71000.0,100157730.0,1809692.0,26.0,1374,72895.0,,69604.0,3.88,1.0,26
2022-07-27,72027.0,68832.0,72599.0,70723.0,100850998.0,3042314.0,43.0,1426,70723.0,,70751.0,-0.39,1.0,42
2022-07-28,69571.0,69571.0,71299.0,70103.0,111830400.0,8180418.0,116.0,1584,70600.0,,70521.0,-0.88,1.0,101
2022-07-29,71000.0,70700.0,73600.0,73000.0,119574000.0,4241803.0,59.0,1638,73000.0,,71895.0,4.13,1.0,57
2022-08-01,73000.0,71801.0,79700.0,78900.0,109355400.0,33228214.0,430.0,1386,78900.0,,77275.0,8.08,2.0,259
2022-08-02,76523.0,76523.0,81156.0,79057.0,79877406.0,27659106.0,349.0,1006,79401.0,,79252.0,0.2,2.0,210
2022-08-03,79300.0,78569.0,79950.0,79201.0,78884196.0,1663800.0,21.0,996,79201.0,,79229.0,0.18,1.0,17
2022-08-04,79399.0,79151.0,81195.0,80335.0,63625320.0,12837215.0,159.0,792,80335.0,,80737.0,1.43,1.0,66
2022-08-05,80900.0,80099.0,84000.0,83015.0,51801360.0,16057766.0,193.0,624,83015.0,,83201.0,3.34,1.0,102
2022-08-08,83013.0,82001.0,83965.0,82568.0,50717014.0,1325630.0,16.0,614,82601.0,,82852.0,-0.54,1.0,16
2022-08-09,83501.0,82550.0,83501.0,83267.0,51125938.0,829966.0,10.0,614,83267.0,,82997.0,0.85,1.0,10
2022-08-10,83000.0,82600.0,83806.0,83000.0,49468000.0,1410830.0,17.0,596,83000.0,,82990.0,-0.32,3.0,15
2022-08-11,82501.0,80716.0,82999.0,80716.0,48793810.0,1565887.0,19.0,598,81595.0,,82415.0,-2.75,1.0,12
2022-08-12,82399.0,82089.0,83475.0,82500.0,48526464.0,1404071.0,17.0,588,82528.0,,82592.0,2.21,1.0,17
2022-08-15,83199.0,83153.0,83199.0,83153.0,48062434.0,582124.0,7.0,578,83153.0,,83161.0,0.79,3.0,5
2022-08-16,82999.0,82506.0,83300.0,82506.0,47193432.0,497804.0,6.0,572,82506.0,,82967.0,-0.78,1.0,6
2022-08-17,82999.0,81501.0,83000.0,81501.0,44010540.0,1981040.0,24.0,540,81501.0,,82543.0,-1.22,1.0,18
2022-08-18,80254.0,80254.0,80254.0,80254.0,43337160.0,80254.0,1.0,540,80254.0,,80254.0,-1.53,1.0,1
2022-08-19,80099.0,79702.0,80100.0,79702.0,43036380.0,319604.0,4.0,540,79697.0,,79901.0,-0.69,1.0,4
2022-08-22,79002.0,79002.0,81000.0,79738.0,43006644.0,482438.0,6.0,538,79938.0,,80406.0,0.04,1.0,6
2022-08-23,,,,,43715190.0,,,538,81255.0,,,,,0
2022-08-24,,,,,43786206.0,,,538,81387.0,,,,,0
2022-08-25,81247.0,80821.0,81247.0,80899.0,43361864.0,728143.0,9.0,536,80899.0,,80905.0,,1.0,7
2022-08-26,80261.0,80261.0,80339.0,80339.0,42901026.0,160600.0,2.0,534,80339.0,,80300.0,-0.69,1.0,2
2022-08-29,80546.0,80546.0,80550.0,80550.0,43174800.0,161096.0,2.0,536,80550.0,,80548.0,0.26,1.0,2
2022-08-30,79674.0,79674.0,80100.0,80100.0,42562660.0,479122.0,6.0,532,80005.0,,79854.0,-0.56,1.0,6
2022-08-31,79690.0,79690.0,79800.0,79800.0,42453600.0,159490.0,2.0,532,79800.0,,79745.0,-0.38,1.0,2
2022-09-01,80000.0,77875.0,80498.0,77875.0,42305616.0,716943.0,9.0,534,79224.0,,79660.0,-2.41,1.0,9
2022-09-02,79700.0,79700.0,80100.0,80100.0,42613200.0,159800.0,2.0,532,80100.0,,79900.0,2.86,1.0,2
2022-09-05,80896.0,78885.0,80897.0,78951.0,42318808.0,1116454.0,14.0,536,78953.0,,79747.0,-1.43,1.0,14
2022-09-06,80009.0,80009.0,80009.0,80009.0,42884824.0,320036.0,4.0,536,80009.0,,80009.0,1.34,2.0,3
2022-09-07,79116.0,79116.0,80063.0,80063.0,42913768.0,159179.0,2.0,536,80063.0,,79590.0,0.07,1.0,2
2022-09-08,80200.0,79612.0,80276.0,79612.0,42672032.0,320289.0,4.0,536,79612.0,,80072.0,-0.56,1.0,4
2022-09-09,80000.0,79003.0,80273.0,79054.0,41898620.0,397384.0,5.0,530,79054.0,,79477.0,-0.7,1.0,5
2022-09-12,79500.0,78752.0,79500.0,78752.0,41581056.0,474210.0,6.0,528,78752.0,,79035.0,-0.38,1.0,6
2022-09-13,78397.0,77666.0,78985.0,77666.0,39936000.0,939153.0,12.0,512,78000.0,,78263.0,-1.38,1.0,12
2022-09-14,78042.0,77364.0,78524.0,77503.0,38596494.0,1947321.0,25.0,498,77503.0,,77893.0,-0.21,1.0,22
2022-09-15,77653.0,77414.0,77949.0,77414.0,38544350.0,388135.0,5.0,494,78025.0,,77627.0,-0.11,1.0,5
2022-09-16,78599.0,76999.0,78800.0,76999.0,38345502.0,9501991.0,123.0,498,76999.0,,77252.0,-0.54,1.0,18
2022-09-19,,,,,38509344.0,,,498,77328.0,,,,,0
2022-09-20,77279.0,76418.0,78000.0,77998.0,37592144.0,2013691.0,26.0,482,77992.0,,77450.0,,2.0,22
2022-09-21,78000.0,77344.0,79142.0,77860.0,37684240.0,699790.0,9.0,484,77860.0,,77754.0,-0.18,1.0,9
2022-09-22,77111.0,76606.0,77795.0,76606.0,36676344.0,848926.0,11.0,482,76092.0,,77175.0,-1.61,1.0,11
2022-09-23,73807.0,73395.0,73908.0,73395.0,35376390.0,515595.0,7.0,482,73395.0,,73656.0,-4.19,1.0,7
2022-09-26,73532.0,72951.0,74357.0,72951.0,35593182.0,587569.0,8.0,486,73237.0,,73446.0,-0.6,1.0,8
2022-09-27,73997.0,73550.0,74000.0,73550.0,35598200.0,517123.0,7.0,484,73550.0,,73875.0,0.82,1.0,7
2022-09-28,73550.0,73550.0,74200.0,74200.0,35323288.0,147750.0,2.0,484,72982.0,,73875.0,0.88,1.0,2
2022-09-29,71734.0,69784.0,72096.0,71084.0,33835984.0,1351071.0,19.0,476,71084.0,,71109.0,-4.2,1.0,19
2022-09-30,70020.0,64174.0,71689.0,71689.0,33120318.0,2044707.0,30.0,462,71689.0,,68157.0,0.85,1.0,28
2022-10-03,71023.0,70951.0,71023.0,70951.0,31687194.0,141974.0,2.0,462,68587.0,,70987.0,-1.03,1.0,2
2022-10-04,71800.0,70200.0,71800.0,70200.0,32572800.0,495559.0,7.0,464,70200.0,,70794.0,-1.06,1.0,7
2022-10-05,69512.0,69512.0,71150.0,70800.0,33417600.0,778013.0,11.0,472,70800.0,,70728.0,0.85,4.0,8
2022-10-06,71300.0,71100.0,71300.0,71100.0,33559200.0,142400.0,2.0,472,71100.0,,71200.0,0.42,1.0,2
2022-10-07,71500.0,71500.0,72100.0,71954.0,33744592.0,287626.0,4.0,476,70892.0,,71907.0,1.2,1.0,4
2022-10-10,,,,,34121108.0,,,476,71683.0,,,,,0
2022-10-11,72500.0,71627.0,72500.0,71628.0,34094928.0,215755.0,3.0,476,71628.0,,71918.0,,1.0,3
2022-10-12,71400.0,71400.0,71400.0,71400.0,34414800.0,285600.0,4.0,482,71400.0,,71400.0,-0.32,3.0,2
2022-10-13,71802.0,71802.0,71802.0,71802.0,34608564.0,71802.0,1.0,482,71802.0,,71802.0,0.56,1.0,1
2022-10-14,71800.0,71800.0,71800.0,71800.0,34607600.0,71800.0,1.0,482,71800.0,,71800.0,0.0,1.0,1
2022-10-17,70508.0,70508.0,70508.0,70508.0,33843840.0,70508.0,1.0,480,70508.0,,70508.0,-1.8,1.0,1
2022-10-18,,,,,34101600.0,,,480,71045.0,,,,,0
2022-10-19,70500.0,70500.0,71434.0,71402.0,34186560.0,213336.0,3.0,480,71222.0,,71112.0,,1.0,3
2022-10-20,71544.0,71544.0,71750.0,71750.0,34296500.0,215044.0,3.0,478,71750.0,,71681.0,0.49,2.0,2
2022-10-21,71182.0,71182.0,71182.0,71182.0,34024996.0,71182.0,1.0,478,71182.0,,71182.0,-0.79,1.0,1
2022-10-24,71377.0,71100.0,71377.0,71100.0,33843600.0,355966.0,5.0,476,71100.0,,71193.0,-0.11,1.0,5
2022-10-25,71577.0,71000.0,71578.0,71000.0,39122600.0,15124731.0,213.0,550,71132.0,,71008.0,-0.14,2.0,32
2022-10-26,71298.0,71290.0,71298.0,71290.0,39160536.0,142588.0,2.0,552,70943.0,,71294.0,0.41,1.0,2
2022-10-27,70600.0,70600.0,71835.0,71835.0,40072770.0,355435.0,5.0,558,71815.0,,71087.0,0.76,1.0,4
2022-10-28,71833.0,70990.0,71833.0,71000.0,61486000.0,14557123.0,205.0,866,71000.0,,71010.0,-1.16,7.0,43
2022-10-31,70907.0,70256.0,70907.0,70452.0,60870528.0,777486.0,11.0,864,70452.0,,70681.0,-0.77,1.0,9
2022-11-01,,,,,61076160.0,,,864,70690.0,,,,,0
2022-11-02,71243.0,71243.0,71286.0,71286.0,61448532.0,142529.0,2.0,862,71286.0,,71265.0,,1.0,2
2022-11-03,71021.0,70824.0,71021.0,70824.0,60625344.0,283742.0,4.0,856,70824.0,,70936.0,-0.65,1.0,4
2022-11-07,70999.0,70999.0,70999.0,70999.0,60775144.0,70999.0,1.0,856,70999.0,,70999.0,0.25,1.0,1
2022-11-08,,,,,60764872.0,,,856,70987.0,,,,,0
2022-11-09,,,,,61012256.0,,,856,71276.0,,,,,0
2022-11-10,,,,,60479824.0,,,856,70654.0,,,,,0
2022-11-11,,,,,60437024.0,,,856,70604.0,,,,,0
2022-11-14,,,,,60681840.0,,,856,70890.0,,,,,0
2022-11-15,,,,,60308624.0,,,856,70454.0,,,,,0
2022-11-16,,,,,60198200.0,,,856,70325.0,,,,,0
2022-11-17,69447.0,69420.0,69550.0,69550.0,59395700.0,277864.0,4.0,854,69550.0,,69466.0,,1.0,4
2022-11-18,,,,,59814160.0,,,854,70040.0,,,,,0
2022-11-21,70102.0,70102.0,70102.0,70102.0,59867108.0,70102.0,1.0,854,70102.0,,70102.0,,1.0,1
2022-11-22,69200.0,69200.0,69200.0,69200.0,59096800.0,69200.0,1.0,854,69200.0,,69200.0,-1.29,1.0,1
2022-11-23,68887.0,68351.0,68960.0,68351.0,58235052.0,412445.0,6.0,852,68351.0,,68741.0,-1.23,1.0,6
2022-11-24,68660.0,67883.0,68660.0,67883.0,57911292.0,136543.0,2.0,852,67971.0,,68272.0,-0.69,1.0,2
2022-11-25,68548.0,67776.0,68548.0,67890.0,57706500.0,475768.0,7.0,850,67890.0,,67967.0,0.01,1.0,7
2022-11-28,68600.0,68600.0,68600.0,68600.0,58310000.0,68600.0,1.0,850,68600.0,,68600.0,1.05,1.0,1
2022-11-29,68081.0,68081.0,68081.0,68081.0,57868850.0,68081.0,1.0,850,68081.0,,68081.0,-0.76,1.0,1
2022-11-30,67865.0,67462.0,67865.0,67462.0,57207776.0,202826.0,3.0,848,67462.0,,67609.0,-0.91,1.0,3
2022-12-01,67183.0,67183.0,67562.0,67520.0,57256960.0,810323.0,12.0,848,67520.0,,67527.0,0.09,1.0,3
2022-12-02,68258.0,67667.0,68483.0,67667.0,57427408.0,204408.0,3.0,848,67721.0,,68136.0,0.22,1.0,3
2022-12-05,,,,,58257600.0,,,848,68700.0,0.0,,,,0
2022-12-06,69027.0,69027.0,69070.0,69070.0,58571360.0,138097.0,2.0,848,69070.0,0.0,69049.0,,1.0,2
2022-12-07,69245.0,69245.0,69350.0,69350.0,58808800.0,207945.0,3.0,848,69350.0,0.0,69315.0,0.4,1.0,3
2022-12-08,69766.0,69050.0,69766.0,69050.0,58554400.0,207866.0,3.0,848,69050.0,0.0,69289.0,-0.43,1.0,3
2022-12-09,,,,,58941088.0,,,848,69506.0,0.0,,,,0
2022-12-12,69222.0,68041.0,69399.0,69399.0,58989150.0,345459.0,5.0,850,69399.0,0.0,69092.0,,1.0,5
2022-12-13,69100.0,68403.0,69100.0,68403.0,58460450.0,137503.0,2.0,850,68777.0,0.0,68752.0,-1.44,1.0,2
2022-12-14,69180.0,69180.0,69630.0,69630.0,59289200.0,277318.0,4.0,850,69752.0,0.0,69330.0,1.79,1.0,4
2022-12-15,69802.0,69693.0,70460.0,69858.0,60077880.0,1399638.0,20.0,860,69858.0,0.0,69982.0,0.33,1.0,20
2022-12-16,70208.0,70208.0,70954.0,70954.0,61162348.0,212029.0,3.0,862,70954.0,0.0,70676.0,1.57,1.0,3
2022-12-19,71730.0,71560.0,73799.0,73799.0,63897150.0,870941.0,12.0,870,73445.0,0.0,72578.0,4.01,1.0,12
2022-12-20,73624.0,73592.0,74641.0,73813.0,63774432.0,813787.0,11.0,864,73813.0,0.0,73981.0,0.02,1.0,11
2022-12-21,74642.0,74642.0,75500.0,75400.0,65598000.0,750948.0,10.0,870,75400.0,0.0,75095.0,2.15,1.0,10
2022-12-22,75885.0,74522.0,77500.0,74522.0,64069140.0,1599456.0,21.0,860,74499.0,0.0,76165.0,-1.16,1.0,21
2022-12-23,73777.0,72945.0,74080.0,73800.0,63910800.0,809803.0,11.0,866,73800.0,0.0,73618.0,-0.97,1.0,11
2022-12-26,74313.0,72797.0,74949.0,72903.0,63058176.0,884260.0,12.0,864,72984.0,0.0,73688.0,-1.21,1.0,12
2022-12-27,73400.0,73400.0,74811.0,74811.0,64337460.0,888556.0,12.0,860,74811.0,0.0,74046.0,2.62,1.0,12
2022-12-28,75160.0,74854.0,76200.0,76200.0,76084440.0,5709263.0,75.0,996,76390.0,0.0,76124.0,1.86,10.0,19
2022-12-29,76630.0,74999.0,76839.0,76499.0,76346002.0,458305.0,6.0,998,76499.0,0.0,76384.0,0.39,1.0,6
2022-12-30,75604.0,74604.0,76148.0,74654.0,74587772.0,603288.0,8.0,994,75038.0,0.0,75411.0,-2.41,1.0,8
2023-01-03,75124.0,75124.0,76000.0,76000.0,76000000.0,378605.0,5.0,1000,76000.0,0.0,75721.0,1.8,1.0,5
2023-01-04,76180.0,75882.0,77500.0,76800.0,77107200.0,1069587.0,14.0,1004,76800.0,0.0,76399.0,1.05,1.0,14
2023-01-05,76307.0,76307.0,76498.0,76469.0,76927814.0,229274.0,3.0,1006,76469.0,0.0,76425.0,-0.43,1.0,3
2023-01-06,,,,,77054570.0,,,1006,76595.0,0.0,,,,0
2023-01-09,76400.0,74859.0,76400.0,75131.0,75431524.0,828202.0,11.0,1004,75131.0,0.0,75291.0,,1.0,11
2023-01-10,75150.0,75150.0,75351.0,75351.0,75953808.0,150501.0,2.0,1008,75351.0,0.0,75251.0,0.29,1.0,2
2023-01-11,75157.0,74098.0,75157.0,74098.0,74694816.0,372555.0,5.0,1008,74102.0,0.0,74511.0,-1.66,1.0,5
2023-01-12,73657.0,73641.0,73924.0,73737.0,75654162.0,811809.0,11.0,1026,73737.0,0.0,73801.0,-0.49,1.0,10
2023-01-13,73698.0,73698.0,75198.0,74800.0,76296000.0,445526.0,6.0,1020,74800.0,0.0,74254.0,1.44,1.0,6
2023-01-16,74997.0,74500.0,74997.0,74500.0,76139000.0,149497.0,2.0,1022,74500.0,0.0,74749.0,-0.4,1.0,2
2023-01-17,75458.0,75458.0,75499.0,75499.0,77006678.0,150957.0,2.0,1022,75349.0,0.0,75479.0,1.34,1.0,2
2023-01-18,75083.0,75081.0,75083.0,75081.0,76990014.0,150164.0,2.0,1026,75039.0,0.0,75082.0,-0.55,1.0,2
2023-01-19,,,,,77170590.0,,,1026,75215.0,0.0,,,,0
2023-01-20,,,,,77228046.0,,,1026,75271.0,0.0,,,,0
2023-01-23,75124.0,75124.0,75124.0,75124.0,77077224.0,75124.0,1.0,1026,75124.0,0.0,75124.0,,1.0,1
2023-01-24,,,,,77390154.0,,,1026,75429.0,0.0,,,,0
2023-01-25,75300.0,75300.0,75378.0,75377.0,77186048.0,226055.0,3.0,1024,75377.0,0.0,75352.0,,1.0,3
2023-01-26,75448.0,75117.0,75448.0,75117.0,77207526.0,150565.0,2.0,1026,75251.0,0.0,75283.0,-0.34,1.0,2
2023-01-27,75126.0,75126.0,75800.0,75800.0,77922400.0,908571.0,12.0,1028,75800.0,0.0,75714.0,0.91,7.0,6
2023-01-30,75800.0,75800.0,76501.0,76501.0,78643028.0,304191.0,4.0,1028,76501.0,0.0,76048.0,0.92,1.0,4
2023-01-31,76899.0,76568.0,77299.0,76568.0,78711904.0,460609.0,6.0,1028,76568.0,0.0,76768.0,0.09,1.0,6
2023-02-01,76699.0,76241.0,76699.0,76241.0,78528230.0,534429.0,7.0,1030,76241.0,0.0,76347.0,-0.43,1.0,6
2023-02-02,76385.0,76385.0,76395.0,76395.0,78689940.0,229173.0,3.0,1030,76398.0,0.0,76391.0,0.2,1.0,3
2023-02-03,,,,,79360470.0,,,1030,77049.0,0.0,,,,0
2023-02-06,77158.0,76955.0,77421.0,77421.0,80208156.0,1464481.0,19.0,1036,77421.0,0.0,77078.0,,1.0,9
2023-02-07,77430.0,77277.0,77767.0,77700.0,80652600.0,387874.0,5.0,1038,77700.0,0.0,77575.0,0.36,1.0,5
2023-02-08,77602.0,77556.0,78513.0,78513.0,81653520.0,858651.0,11.0,1040,78513.0,0.0,78059.0,1.05,1.0,11
2023-02-09,78565.0,78565.0,79150.0,78800.0,82109600.0,472843.0,6.0,1042,78800.0,0.0,78807.0,0.37,1.0,5
2023-02-10,78269.0,78132.0,78269.0,78132.0,81765740.0,312766.0,4.0,1042,78470.0,0.0,78192.0,-0.85,1.0,4
2023-02-13,78968.0,78962.0,79286.0,79286.0,82774584.0,316333.0,4.0,1044,79286.0,0.0,79083.0,1.48,1.0,4
2023-02-14,78901.0,78726.0,78902.0,78726.0,82504848.0,236529.0,3.0,1048,78726.0,0.0,78843.0,-0.71,1.0,3
2023-02-15,79037.0,79037.0,79244.0,79244.0,83047712.0,158281.0,2.0,1048,79244.0,0.0,79141.0,0.66,1.0,2
2023-02-16,79233.0,79146.0,80145.0,80072.0,82782616.0,2227570.0,28.0,1036,79906.0,0.0,79556.0,1.04,1.0,25
2023-02-17,79482.0,78542.0,79500.0,79042.0,81994640.0,950549.0,12.0,1040,78841.0,0.0,79212.0,-1.29,1.0,12
2023-02-20,78644.0,77999.0,79533.0,79497.0,82994868.0,2452344.0,31.0,1044,79497.0,0.0,79108.0,0.58,1.0,15
2023-02-21,79744.0,77902.0,79744.0,77902.0,82658058.0,551528.0,7.0,1046,79023.0,0.0,78790.0,-2.01,1.0,7
2023-02-22,79965.0,79900.0,80897.0,79900.0,83895000.0,481154.0,6.0,1050,79900.0,0.0,80192.0,2.56,1.0,6
2023-02-24,80112.0,79766.0,80600.0,80361.0,83450010.0,801645.0,10.0,1038,80395.0,0.0,80165.0,0.58,1.0,10
2023-02-27,80374.0,79000.0,80811.0,79000.0,81528000.0,875807.0,11.0,1032,79000.0,0.0,79619.0,-1.69,1.0,10
2023-02-28,78981.0,78624.0,79269.0,79269.0,81805608.0,394724.0,5.0,1032,79269.0,0.0,78945.0,0.34,1.0,5
2023-03-01,79042.0,79042.0,79548.0,79548.0,82093536.0,158590.0,2.0,1032,79548.0,0.0,79295.0,0.35,1.0,2
2023-03-02,79601.0,79601.0,80200.0,79880.0,82436160.0,1279190.0,16.0,1032,79880.0,0.0,79949.0,0.42,5.0,9
2023-03-03,79969.0,79925.0,79969.0,79925.0,82681742.0,319744.0,4.0,1034,79963.0,0.0,79936.0,0.06,1.0,3
2023-03-06,79901.0,79840.0,80230.0,80031.0,83232240.0,1438276.0,18.0,1040,80031.0,0.0,79904.0,0.13,1.0,11
2023-03-07,79603.0,79603.0,80698.0,80698.0,85217088.0,880823.0,11.0,1056,80698.0,0.0,80075.0,0.83,2.0,9
2023-03-09,80969.0,80479.0,81147.0,80479.0,86434446.0,2020773.0,25.0,1074,80479.0,0.0,80831.0,-0.27,1.0,17
2023-03-10,80599.0,80093.0,80642.0,80093.0,87679724.0,1045394.0,13.0,1094,80146.0,0.0,80415.0,-0.48,1.0,9
2023-03-13,80223.0,79649.0,80353.0,79649.0,87454602.0,2394934.0,30.0,1098,79649.0,0.0,79831.0,-0.55,1.0,22
2023-03-14,79432.0,79351.0,79626.0,79447.0,86915018.0,1509715.0,19.0,1094,79447.0,0.0,79459.0,-0.25,1.0,17
2023-03-15,79310.0,79310.0,84000.0,80052.0,89658240.0,4921646.0,61.0,1120,80052.0,0.0,80683.0,0.76,2.0,39
2023-03-16,80654.0,80001.0,81160.0,81002.0,91046248.0,2094918.0,26.0,1124,81002.0,0.0,80574.0,1.19,1.0,21
2023-03-17,80813.0,79671.0,80862.0,80079.0,94653378.0,3529317.0,44.0,1182,80079.0,0.0,80212.0,-1.14,1.0,39
2023-03-20,80393.0,79671.0,80689.0,80220.0,96103560.0,3201888.0,40.0,1198,80220.0,0.0,80047.0,0.18,1.0,33
2023-03-21,80000.0,79772.0,80058.0,80000.0,96161202.0,879888.0,11.0,1202,80001.0,0.0,79990.0,-0.27,1.0,6
2023-03-22,80134.0,80134.0,80410.0,80410.0,100512500.0,2733356.0,34.0,1250,80410.0,0.0,80393.0,0.51,1.0,11
2023-03-23,80413.0,79500.0,80413.0,79500.0,99534000.0,1276264.0,16.0,1252,79500.0,0.0,79767.0,-1.13,1.0,13
2023-03-24,79762.0,79762.0,80443.0,80443.0,100714636.0,722090.0,9.0,1252,80443.0,0.0,80232.0,1.19,1.0,9
2023-03-27,80172.0,80172.0,80199.0,80199.0,100409148.0,160371.0,2.0,1252,80199.0,0.0,80186.0,-0.3,1.0,2
2023-03-28,79811.0,79811.0,80418.0,80221.0,100918018.0,802303.0,10.0,1258,80221.0,0.0,80230.0,0.03,2.0,8
2023-03-29,80429.0,80429.0,80429.0,80429.0,101179682.0,80429.0,1.0,1258,80429.0,0.0,80429.0,0.26,1.0,1
2023-03-30,80835.0,80574.0,80835.0,80574.0,101362092.0,242137.0,3.0,1258,80574.0,0.0,80712.0,0.18,1.0,3
2023-03-31,80629.0,80629.0,80977.0,80977.0,101908800.0,323084.0,4.0,1260,80880.0,0.0,80771.0,0.5,1.0,4
2023-04-03,80949.0,80345.0,82550.0,81115.0,103369812.0,2599996.0,32.0,1274,81138.0,0.0,81250.0,0.17,1.0,25
2023-04-04,81400.0,80573.0,81911.0,80573.0,103017860.0,975569.0,12.0,1276,80735.0,0.0,81297.0,-0.67,1.0,11
2023-04-05,,,,,103367484.0,,,1276,81009.0,0.0,,,,0
2023-04-06,80795.0,80297.0,82897.0,81702.0,104885460.0,3107025.0,38.0,1278,82070.0,0.0,81764.0,,1.0,31
2023-04-07,82100.0,80249.0,83444.0,81517.0,103371164.0,7978451.0,97.0,1268,81523.0,0.0,82252.0,-0.23,1.0,72
2023-04-10,82799.0,81804.0,83500.0,82299.0,104025936.0,2224681.0,27.0,1264,82299.0,0.0,82396.0,0.96,1.0,23
2023-04-11,82719.0,82591.0,83300.0,82865.0,104080952.0,1659080.0,20.0,1256,82867.0,0.0,82954.0,0.69,1.0,16
2023-04-12,83478.0,81100.0,83487.0,81934.0,102581368.0,2220541.0,27.0,1252,81934.0,0.0,82242.0,-1.12,1.0,21
2023-04-13,81822.0,81347.0,81822.0,81347.0,101846444.0,163169.0,2.0,1252,81347.0,0.0,81585.0,-0.72,1.0,2
2023-04-14,81347.0,81347.0,82100.0,81476.0,102333856.0,571713.0,7.0,1256,81476.0,0.0,81673.0,0.16,1.0,7
2023-04-17,81696.0,80992.0,82180.0,81011.0,102397904.0,1220469.0,15.0,1264,81011.0,0.0,81365.0,-0.57,1.0,15
2023-04-18,81014.0,81011.0,81899.0,81101.0,102863766.0,1139552.0,14.0,1266,81251.0,0.0,81397.0,0.11,1.0,12
2023-04-19,81983.0,81236.0,81984.0,81748.0,103165976.0,1061492.0,13.0,1262,81748.0,0.0,81653.0,0.8,1.0,12
2023-04-20,81501.0,81331.0,81501.0,81331.0,102965046.0,651832.0,8.0,1266,81331.0,0.0,81479.0,-0.51,1.0,6
2023-04-21,81737.0,81333.0,81737.0,81333.0,103131512.0,407707.0,5.0,1268,81334.0,0.0,81541.0,0.0,1.0,5
2023-04-24,81071.0,80892.0,83735.0,81101.0,105106896.0,9561400.0,117.0,1296,81101.0,0.0,81721.0,-0.29,1.0,78
2023-04-25,81092.0,80778.0,81540.0,81028.0,105336400.0,1136305.0,14.0,1300,81028.0,0.0,81165.0,-0.09,1.0,13
2023-04-26,81582.0,81208.0,81582.0,81208.0,105897840.0,570175.0,7.0,1304,81210.0,0.0,81454.0,0.22,1.0,6
2023-04-27,82137.0,81011.0,82137.0,81012.0,105801672.0,650697.0,8.0,1306,81012.0,0.0,81337.0,-0.24,1.0,8
2023-04-28,81321.0,80000.0,81321.0,80517.0,106604508.0,2745130.0,34.0,1324,80517.0,0.0,80739.0,-0.61,1.0,30
2023-05-02,80500.0,79556.0,80500.0,79756.0,105602240.0,1200401.0,15.0,1324,79760.0,0.0,80027.0,-0.95,1.0,13
2023-05-03,79768.0,79018.0,79937.0,79018.0,104145724.0,795907.0,10.0,1318,79018.0,0.0,79591.0,-0.92,1.0,9
2023-05-04,79019.0,78211.0,79915.0,78343.0,104509562.0,1734265.0,22.0,1334,78343.0,0.0,78830.0,-0.85,1.0,19
2023-05-05,78699.0,77827.0,78699.0,78067.0,105074760.0,625097.0,8.0,1340,78414.0,0.0,78137.0,-0.35,1.0,8
2023-05-08,78300.0,78300.0,79179.0,78319.0,106094016.0,786825.0,10.0,1344,78939.0,0.0,78683.0,0.32,1.0,10
2023-05-10,79022.0,77802.0,79547.0,77806.0,106644910.0,2670772.0,34.0,1370,77843.0,0.0,78552.0,-0.66,1.0,30
2023-05-11,77801.0,77600.0,79200.0,78506.0,108188158.0,2502727.0,32.0,1378,78511.0,0.0,78210.0,0.9,1.0,29
2023-05-12,79177.0,78493.0,79985.0,78493.0,111168400.0,4203587.0,53.0,1400,79406.0,0.0,79313.0,-0.02,1.0,39
2023-05-15,79391.0,79391.0,81852.0,80404.0,112246274.0,2818107.0,35.0,1394,80521.0,0.0,80517.0,2.44,1.0,26
2023-05-16,81017.0,79370.0,81096.0,80600.0,115902800.0,3781247.0,47.0,1438,80600.0,0.0,80452.0,0.24,1.0,31
2023-05-17,81096.0,79875.0,81475.0,80077.0,116957680.0,2019835.0,25.0,1460,80108.0,0.0,80793.0,-0.65,1.0,19
2023-05-18,80621.0,80001.0,81920.0,80002.0,118562964.0,3863326.0,48.0,1482,80002.0,0.0,80486.0,-0.09,1.0,31
2023-05-19,80548.0,79004.0,80700.0,80112.0,120168000.0,1523549.0,19.0,1500,80112.0,0.0,80187.0,0.14,1.0,19
2023-05-22,80515.0,80111.0,81444.0,80111.0,119997150.0,2587209.0,32.0,1490,80535.0,0.0,80850.0,0.0,1.0,30
2023-05-23,80756.0,80511.0,81001.0,80665.0,120029520.0,726967.0,9.0,1488,80665.0,0.0,80774.0,0.69,1.0,7
2023-05-24,80511.0,79801.0,80511.0,79801.0,119927190.0,1122701.0,14.0,1502,79845.0,0.0,80193.0,-1.07,1.0,12
2023-05-25,80600.0,80202.0,81407.0,80336.0,122232320.0,2585936.0,32.0,1520,80416.0,0.0,80811.0,0.67,1.0,29
2023-05-26,81431.0,80338.0,81459.0,80400.0,121092942.0,1864495.0,23.0,1506,80407.0,0.0,81065.0,0.08,1.0,22
2023-05-29,80799.0,80390.0,81691.0,81115.0,122557640.0,890695.0,11.0,1510,81164.0,0.0,80972.0,0.89,1.0,8
2023-05-30,81699.0,81300.0,82399.0,81952.0,121525482.0,3279393.0,40.0,1482,82001.0,0.0,81985.0,1.03,1.0,29
2023-05-31,82932.0,81892.0,82932.0,82183.0,120644644.0,2721988.0,33.0,1468,82183.0,0.0,82484.0,0.28,1.0,29
2023-06-01,81935.0,81577.0,82251.0,81577.0,120359470.0,1230011.0,15.0,1474,81655.0,0.0,82001.0,-0.74,1.0,14
2023-06-02,81978.0,81973.0,82695.0,82467.0,122486392.0,2059246.0,25.0,1484,82538.0,0.0,82370.0,1.09,1.0,23
2023-06-05,82939.0,82127.0,84000.0,82127.0,123285000.0,4892912.0,59.0,1500,82190.0,0.0,82931.0,-0.41,1.0,50
2023-06-06,82222.0,82222.0,82659.0,82441.0,123349688.0,824385.0,10.0,1496,82453.0,0.0,82439.0,0.38,1.0,10
2023-06-07,82490.0,82244.0,82999.0,82765.0,124147500.0,661713.0,8.0,1500,82765.0,0.0,82714.0,0.39,1.0,8
2023-06-08,82999.0,82214.0,83419.0,82767.0,123650992.0,3560977.0,43.0,1492,82876.0,0.0,82813.0,0.0,1.0,38
2023-06-09,83334.0,82965.0,83769.0,83231.0,122516032.0,4758790.0,57.0,1472,83231.0,0.0,83488.0,0.56,1.0,46
2023-06-13,83300.0,82913.0,84454.0,83931.0,125298160.0,5869432.0,70.0,1492,83980.0,0.0,83849.0,0.84,1.0,64
2023-06-14,84228.0,82455.0,84899.0,83740.0,126112440.0,4017053.0,48.0,1506,83740.0,0.0,83689.0,-0.23,1.0,40
2023-06-15,83734.0,83734.0,84380.0,84132.0,125706654.0,9494090.0,113.0,1494,84141.0,0.0,84018.0,0.47,1.0,69
2023-06-16,84063.0,83550.0,84328.0,83987.0,130001394.0,6286529.0,75.0,1542,84307.0,0.0,83820.0,-0.17,1.0,46
2023-06-19,84567.0,83762.0,84567.0,83772.0,134205948.0,4875679.0,58.0,1602,83774.0,0.0,84063.0,-0.26,1.0,46
2023-06-20,83876.0,83876.0,84816.0,84434.0,138302892.0,4392041.0,52.0,1638,84434.0,0.0,84462.0,0.79,1.0,38
2023-06-21,84791.0,83622.0,84791.0,83626.0,134229136.0,4030414.0,48.0,1604,83684.0,0.0,83967.0,-0.96,1.0,43
2023-06-22,84300.0,83411.0,84300.0,84165.0,135842310.0,2768937.0,33.0,1614,84165.0,0.0,83907.0,0.65,1.0,29
2023-06-23,83829.0,83829.0,84751.0,84484.0,137370984.0,2868215.0,34.0,1626,84484.0,0.0,84359.0,0.38,1.0,28
2023-06-26,84662.0,84223.0,85862.0,84603.0,139425744.0,8326434.0,98.0,1648,84603.0,0.0,84964.0,0.14,1.0,73
2023-06-27,84799.0,84761.0,85398.0,84852.0,139988244.0,3061669.0,36.0,1644,85151.0,0.0,85046.0,0.29,1.0,29
2023-06-28,85158.0,85000.0,86592.0,86132.0,143323648.0,5065021.0,59.0,1664,86132.0,0.0,85848.0,1.51,1.0,47
2023-06-29,86449.0,86105.0,87494.0,87361.0,147814812.0,6267840.0,72.0,1692,87361.0,0.0,87053.0,1.43,1.0,55
2023-06-30,87495.0,87494.0,89433.0,89101.0,145780688.0,12229308.0,138.0,1636,89108.0,0.0,88618.0,1.99,1.0,113
2023-07-03,89535.0,88149.0,90946.0,88400.0,138746526.0,13933192.0,156.0,1574,88149.0,0.0,89315.0,-0.79,1.0,106
2023-07-04,88539.0,87903.0,89200.0,87903.0,139840500.0,4516643.0,51.0,1590,87950.0,0.0,88562.0,-0.56,1.0,46
2023-07-05,88609.0,88599.0,90394.0,89971.0,141270170.0,13347228.0,149.0,1570,89981.0,0.0,89579.0,2.35,2.0,127
2023-07-06,90400.0,89810.0,91989.0,90210.0,141088440.0,5175943.0,57.0,1564,90210.0,0.0,90806.0,0.27,1.0,50
2023-07-07,89787.0,89787.0,90700.0,90150.0,142437000.0,1446682.0,16.0,1580,90150.0,0.0,90418.0,-0.07,2.0,14
2023-07-10,90488.0,89683.0,90488.0,89683.0,140981676.0,721844.0,8.0,1572,89683.0,0.0,90231.0,-0.52,1.0,8
2023-07-11,88965.0,88949.0,89500.0,89409.0,139478040.0,3301265.0,37.0,1560,89409.0,0.0,89223.0,-0.31,1.0,29
2023-07-12,89449.0,89093.0,89785.0,89581.0,141000494.0,2416951.0,27.0,1574,89581.0,0.0,89517.0,0.19,1.0,21
2023-07-13,90000.0,89409.0,90700.0,89500.0,140336000.0,1352653.0,15.0,1568,89500.0,0.0,90177.0,-0.09,1.0,13
2023-07-14,89799.0,89795.0,90099.0,89897.0,140778702.0,1437511.0,16.0,1566,89897.0,0.0,89844.0,0.44,1.0,13
2023-07-17,90344.0,89868.0,90748.0,90748.0,142292864.0,1174892.0,13.0,1568,90748.0,0.0,90376.0,0.95,1.0,10
2023-07-18,90581.0,88377.0,90600.0,90206.0,140167692.0,3133108.0,35.0,1554,90198.0,0.0,89517.0,-0.6,1.0,26
2023-07-19,90109.0,90109.0,90698.0,90200.0,139629600.0,1804826.0,20.0,1548,90200.0,0.0,90241.0,-0.01,1.0,19
2023-07-20,89582.0,89232.0,90348.0,89642.0,138765816.0,986612.0,11.0,1548,89642.0,0.0,89692.0,-0.62,1.0,10
2023-07-21,89875.0,89047.0,89950.0,89950.0,139905284.0,1433351.0,16.0,1558,89798.0,0.0,89584.0,0.34,2.0,12
2023-07-24,90315.0,89512.0,90315.0,89700.0,140649600.0,1167247.0,13.0,1568,89700.0,0.0,89788.0,-0.28,2.0,8
2023-07-25,89332.0,89073.0,89533.0,89533.0,140029612.0,713649.0,8.0,1564,89533.0,0.0,89206.0,-0.19,1.0,6
2023-07-26,89201.0,89201.0,89524.0,89524.0,140171094.0,178725.0,2.0,1566,89509.0,0.0,89363.0,-0.01,1.0,2
2023-07-27,89380.0,89380.0,89580.0,89580.0,140461440.0,357779.0,4.0,1568,89580.0,0.0,89445.0,0.06,1.0,4
2023-07-28,89121.0,89121.0,90879.0,90879.0,142198784.0,1532408.0,17.0,1568,90688.0,0.0,90142.0,1.45,1.0,17
2023-07-31,90879.0,90391.0,90884.0,90764.0,148300206.0,6255226.0,69.0,1634,90759.0,0.0,90655.0,-0.13,2.0,41
2023-08-01,90560.0,90278.0,92096.0,91746.0,150279948.0,10154204.0,111.0,1638,91746.0,0.0,91479.0,1.08,1.0,78
2023-08-02,91750.0,91520.0,93158.0,92550.0,152926160.0,4981132.0,54.0,1648,92795.0,0.0,92243.0,0.88,1.0,40
2023-08-03,93696.0,91805.0,93696.0,92951.0,155228170.0,9180566.0,99.0,1670,92951.0,0.0,92733.0,0.43,1.0,78
2023-08-04,93300.0,93001.0,94326.0,93890.0,155857400.0,2807330.0,30.0,1660,93890.0,0.0,93578.0,1.01,1.0,29
2023-08-07,94325.0,93502.0,95365.0,94200.0,158719264.0,8500914.0,90.0,1688,94028.0,0.0,94455.0,0.33,1.0,79
2023-08-08,93900.0,93650.0,95300.0,94962.0,161433700.0,3782649.0,40.0,1700,94961.0,0.0,94566.0,0.81,1.0,40
2023-08-09,95987.0,95055.0,96400.0,95315.0,164704320.0,4216282.0,44.0,1728,95315.0,0.0,95825.0,0.37,1.0,37
2023-08-10,95074.0,94938.0,95855.0,95855.0,172730710.0,7333612.0,77.0,1802,95855.0,0.0,95242.0,0.57,1.0,55
2023-08-11,95900.0,95555.0,97556.0,97556.0,176085000.0,2804253.0,29.0,1806,97500.0,0.0,96698.0,1.77,1.0,23
2023-08-14,97500.0,96203.0,99598.0,96240.0,180559372.0,20506915.0,209.0,1876,96247.0,0.0,98119.0,-1.35,2.0,166
2023-08-15,96700.0,94265.0,97748.0,95875.0,188682000.0,28059296.0,291.0,1968,95875.0,0.0,96424.0,-0.38,1.0,220
2023-08-16,95499.0,93008.0,95940.0,93550.0,184409106.0,14621769.0,155.0,1974,93419.0,0.0,94334.0,-2.43,1.0,123
2023-08-17,93013.0,92011.0,94080.0,92600.0,189644800.0,12542254.0,135.0,2048,92600.0,0.0,92906.0,-1.01,1.0,89
2023-08-18,92601.0,91166.0,93050.0,92609.0,192626720.0,4908866.0,53.0,2080,92609.0,0.0,92620.0,0.01,1.0,42
2023-08-21,92601.0,92413.0,93598.0,92720.0,198235360.0,6601993.0,71.0,2138,92720.0,0.0,92986.0,0.12,1.0,62
2023-08-22,93090.0,92387.0,93490.0,92387.0,200774144.0,5951800.0,64.0,2168,92608.0,0.0,92997.0,-0.36,2.0,48
2023-08-23,92706.0,92550.0,93424.0,92575.0,200447668.0,3623383.0,39.0,2162,92714.0,0.0,92907.0,0.2,2.0,30
2023-08-24,93170.0,92301.0,94215.0,93444.0,197166840.0,6713014.0,72.0,2110,93444.0,0.0,93236.0,0.94,1.0,57
2023-08-25,93578.0,93367.0,94600.0,94128.0,200077014.0,4793369.0,51.0,2122,94287.0,0.0,93988.0,0.73,1.0,44
2023-08-28,94857.0,94558.0,95990.0,95494.0,203784196.0,8746896.0,92.0,2134,95494.0,0.0,95075.0,1.45,1.0,66
2023-08-29,95679.0,95679.0,96309.0,95821.0,214255756.0,8813367.0,92.0,2236,95821.0,0.0,95797.0,0.34,1.0,71
2023-08-30,95680.0,95680.0,96618.0,96618.0,217197264.0,2112730.0,22.0,2248,96618.0,0.0,96033.0,0.83,1.0,18
2023-08-31,96443.0,95900.0,96618.0,96027.0,215683380.0,5873088.0,61.0,2246,96030.0,0.0,96280.0,-0.61,1.0,46
2023-09-01,96200.0,96021.0,96686.0,96140.0,216651406.0,2503878.0,26.0,2246,96461.0,0.0,96303.0,0.12,2.0,23
2023-09-04,96500.0,96005.0,98047.0,96740.0,219986760.0,11222784.0,116.0,2274,96740.0,0.0,96748.0,0.62,16.0,74
2023-09-05,96948.0,96899.0,97897.0,97874.0,222956972.0,4675579.0,48.0,2278,97874.0,0.0,97408.0,1.17,1.0,38
2023-09-06,97999.0,97284.0,98500.0,98431.0,289157960.0,48789187.0,497.0,2938,98420.0,0.0,98167.0,0.57,1.0,150
2023-09-07,97816.0,97648.0,98501.0,98283.0,296224962.0,10685362.0,109.0,3014,98283.0,0.0,98031.0,-0.15,1.0,61
2023-09-08,98251.0,97605.0,98251.0,97621.0,287786708.0,9005783.0,92.0,2948,97621.0,0.0,97889.0,-0.67,2.0,64
2023-09-11,97749.0,95520.0,97750.0,95520.0,292774392.0,17077502.0,177.0,3064,95553.0,0.0,96483.0,-2.15,7.0,120
2023-09-12,95598.0,94015.0,95695.0,94513.0,308186480.0,21545113.0,227.0,3248,94885.0,0.0,94912.0,-1.05,1.0,159
2023-09-13,95101.0,94914.0,96009.0,95643.0,304194800.0,9946212.0,104.0,3172,95900.0,0.0,95637.0,1.2,1.0,79
2023-09-14,95996.0,95450.0,96000.0,95502.0,299337742.0,5457916.0,57.0,3134,95513.0,0.0,95753.0,-0.15,1.0,43
2023-09-15,95604.0,95183.0,96348.0,95402.0,302926000.0,7084127.0,74.0,3172,95500.0,0.0,95731.0,-0.1,1.0,44
2023-09-18,95762.0,95400.0,95941.0,95448.0,304097328.0,3632364.0,38.0,3186,95448.0,0.0,95589.0,0.05,1.0,26
2023-09-19,95798.0,95350.0,95920.0,95787.0,308083152.0,6495823.0,68.0,3216,95797.0,0.0,95527.0,0.36,1.0,53
2023-09-20,96111.0,95151.0,96348.0,95151.0,313046790.0,10145489.0,106.0,3290,95151.0,0.0,95712.0,-0.66,1.0,79
2023-09-21,95151.0,94496.0,95758.0,95757.0,325573800.0,28549461.0,300.0,3400,95757.0,0.0,95165.0,0.64,1.0,191
2023-09-22,95701.0,95323.0,95889.0,95657.0,353739586.0,44492585.0,465.0,3698,95657.0,0.0,95683.0,-0.1,1.0,265
2023-09-25,95569.0,95520.0,96350.0,96138.0,367529840.0,21876173.0,228.0,3820,96212.0,0.0,95952.0,0.5,1.0,159
2023-09-26,96225.0,96053.0,96500.0,96429.0,369363720.0,6938798.0,72.0,3828,96490.0,0.0,96372.0,0.3,2.0,56
2023-09-27,96500.0,96448.0,96741.0,96576.0,376683230.0,10525721.0,109.0,3898,96635.0,0.0,96566.0,0.15,1.0,85
2023-09-28,96841.0,96798.0,97513.0,97385.0,379217190.0,18385511.0,189.0,3894,97385.0,0.0,97280.0,0.84,1.0,149
2023-09-29,97469.0,97278.0,98725.0,98725.0,394402700.0,17575809.0,179.0,3998,98650.0,0.0,98189.0,1.38,1.0,146
2023-10-02,98667.0,98667.0,100217.0,100178.0,421348668.0,42392821.0,426.0,4206,100178.0,0.0,99517.0,1.47,1.0,341
2023-10-03,100348.0,99444.0,100405.0,100000.0,457042104.0,88312810.0,881.0,4568,100053.0,0.0,100244.0,-0.18,1.0,288
2023-10-04,100155.0,99541.0,100500.0,100262.0,472234020.0,25734771.0,257.0,4710,100262.0,0.0,100135.0,0.26,1.0,206
2023-10-05,100254.0,100100.0,101389.0,101389.0,485044976.0,10265297.0,102.0,4784,101389.0,0.0,100640.0,1.12,1.0,91
2023-10-06,101395.0,100464.0,102303.0,100912.0,602664380.0,106144667.0,1046.0,5972,100915.0,0.0,101467.0,-0.47,1.0,473
2023-10-09,100945.0,99901.0,103018.0,100332.0,612982216.0,48437512.0,477.0,6116,100226.0,0.0,101540.0,-0.57,2.0,396
2023-10-10,100128.0,99645.0,101301.0,101246.0,632984184.0,41690286.0,415.0,6258,101148.0,0.0,100485.0,0.91,1.0,321
2023-10-11,101127.0,100494.0,101652.0,101273.0,639437722.0,24042411.0,238.0,6314,101273.0,0.0,101019.0,0.03,1.0,186
2023-10-12,101310.0,97832.0,101310.0,99169.0,680497678.0,81003214.0,820.0,6862,99169.0,0.0,98710.0,-2.08,2.0,541
2023-10-13,99169.0,98523.0,99350.0,98889.0,689135200.0,16617779.0,168.0,6968,98900.0,0.0,98915.0,-0.28,1.0,134
2023-10-16,98918.0,98680.0,99259.0,99103.0,698086400.0,41008745.0,414.0,7040,99160.0,0.0,98946.0,0.22,1.0,127
2023-10-17,99100.0,98943.0,99832.0,99601.0,702386252.0,7045546.0,71.0,7052,99601.0,0.0,99233.0,0.5,1.0,57
2023-10-18,99845.0,99398.0,99979.0,99801.0,701248064.0,18734321.0,188.0,7024,99836.0,0.0,99651.0,0.2,1.0,156
2023-10-19,99938.0,98994.0,99943.0,99298.0,696001870.0,15624453.0,157.0,7010,99287.0,0.0,99519.0,-0.5,1.0,134
2023-10-20,99305.0,97805.0,99305.0,97806.0,738435300.0,61787324.0,628.0,7550,97806.0,0.0,98351.0,-1.5,1.0,394
2023-10-23,97805.0,96682.0,97938.0,96705.0,739493414.0,63279849.0,650.0,7642,96767.0,0.0,97354.0,-1.13,1.0,345
2023-10-24,96753.0,95801.0,96846.0,95803.0,912205120.0,139435400.0,1446.0,9518,95840.0,0.0,96113.0,-0.93,1.0,471
2023-10-25,95926.0,95480.0,96110.0,95698.0,920040572.0,47899850.0,500.0,9614,95698.0,0.0,95797.0,-0.11,2.0,278
2023-10-26,95879.0,95802.0,96441.0,96269.0,1227237212.0,185078566.0,1929.0,12748,96269.0,0.0,96025.0,0.6,3.0,293
2023-10-27,96394.0,95380.0,97560.0,97422.0,1739888640.0,318579395.0,3318.0,17856,97440.0,0.0,96256.0,1.2,1.0,783
2023-10-30,97562.0,96550.0,97650.0,96766.0,1830232124.0,101441940.0,1046.0,18914,96766.0,0.0,96970.0,-0.67,1.0,486
2023-10-31,96762.0,95763.0,97547.0,97444.0,1821618136.0,63978607.0,662.0,18694,97444.0,0.0,96720.0,0.7,1.0,447
2023-11-01,97540.0,97178.0,97975.0,97489.0,1859172440.0,46380839.0,476.0,19070,97492.0,0.0,97441.0,0.05,1.0,346
2023-11-02,97550.0,97396.0,98209.0,98013.0,1880584098.0,31409416.0,321.0,19182,98039.0,0.0,97871.0,0.54,1.0,223
2023-11-03,98328.0,97400.0,98422.0,97400.0,1888391200.0,35687478.0,365.0,19388,97400.0,0.0,97753.0,-0.62,1.0,202
2023-11-06,97371.0,97166.0,97624.0,97304.0,1885361436.0,11001938.0,113.0,19374,97314.0,0.0,97361.0,-0.1,1.0,97
2023-11-07,97446.0,97411.0,97902.0,97500.0,1905345000.0,18832928.0,193.0,19542,97500.0,0.0,97580.0,0.2,1.0,147
2023-11-08,97550.0,96400.0,97800.0,96597.0,1879391232.0,32350412.0,334.0,19456,96597.0,0.0,96858.0,-0.93,2.0,218
2023-11-09,96503.0,96201.0,97020.0,96275.0,1879673100.0,22111620.0,229.0,19524,96275.0,0.0,96554.0,-0.33,1.0,138
2023-11-10,96255.0,96100.0,96710.0,96613.0,1888977376.0,14066585.0,146.0,19552,96613.0,0.0,96346.0,0.35,1.0,110
2023-11-13,96749.0,96204.0,96886.0,96204.0,1880403384.0,14112760.0,146.0,19546,96204.0,0.0,96664.0,-0.42,1.0,118
2023-11-14,96201.0,95170.0,96230.0,95196.0,1900141306.0,77400443.0,809.0,19958,95207.0,0.0,95669.0,-1.05,1.0,462
2023-11-15,95182.0,93570.0,95250.0,94074.0,2024472480.0,128092666.0,1353.0,21520,94074.0,0.0,94638.0,-1.18,1.0,644
2023-11-16,94158.0,93192.0,94158.0,93497.0,2103495506.0,88529365.0,945.0,22498,93497.0,0.0,93666.0,-0.61,1.0,456
2023-11-17,93648.0,93350.0,94802.0,94616.0,2181655728.0,70214206.0,749.0,23058,94616.0,0.0,93746.0,1.2,1.0,403
2023-11-20,94799.0,92200.0,94870.0,92440.0,2227064480.0,159641690.0,1719.0,24092,92440.0,0.0,92747.0,-2.3,2.0,815
2023-11-21,92471.0,91550.0,92475.0,92129.0,2287879600.0,106477034.0,1157.0,24848,92075.0,0.0,91924.0,-0.34,1.0,621
2023-11-22,92004.0,91600.0,92830.0,92650.0,2328366700.0,44450770.0,482.0,25124,92675.0,0.0,92247.0,0.57,1.0,279
2023-11-23,92650.0,92100.0,92690.0,92377.0,2400508722.0,83016641.0,898.0,25986,92377.0,0.0,92443.0,-0.29,3.0,390
2023-11-24,92302.0,92230.0,93563.0,92538.0,3006744696.0,410236382.0,4429.0,32492,92538.0,0.0,92644.0,0.17,1.0,1084
2023-11-27,92552.0,92300.0,92852.0,92817.0,3724374942.0,640009686.0,6913.0,40126,92817.0,0.0,92611.0,0.3,1.0,705
2023-11-28,92820.0,92750.0,93705.0,93650.0,3712224516.0,131481855.0,1412.0,39644,93639.0,0.0,93119.0,0.9,1.0,462
2023-11-29,93771.0,93085.0,93900.0,93281.0,3747844018.0,184003882.0,1968.0,40178,93281.0,0.0,93496.0,-0.39,1.0,443
2023-11-30,93201.0,92860.0,93793.0,93620.0,3876616960.0,125337037.0,1343.0,41408,93620.0,0.0,93327.0,0.36,1.0,447
2023-12-01,93734.0,93603.0,94949.0,94780.0,4018572000.0,93681016.0,995.0,42390,94800.0,0.0,94152.0,1.24,1.0,492
2023-12-04,94742.0,94545.0,95533.0,95400.0,4057552800.0,75079598.0,789.0,42532,95400.0,0.0,95160.0,0.65,2.0,493
2023-12-05,95330.0,95168.0,96797.0,96720.0,4138842240.0,107742638.0,1122.0,42792,96720.0,0.0,96034.0,1.38,6.0,638
2023-12-06,96693.0,95996.0,97530.0,96800.0,4142286452.0,145540313.0,1503.0,42844,96683.0,0.0,96834.0,0.08,1.0,921
2023-12-07,96850.0,96134.0,97100.0,96268.0,4185732640.0,76258519.0,790.0,43480,96268.0,0.0,96530.0,-0.55,5.0,481
2023-12-08,96180.0,94770.0,96258.0,95617.0,4249500800.0,177451100.0,1860.0,44416,95675.0,0.0,95399.0,-0.68,1.0,895
2023-12-11,95715.0,93710.0,96080.0,93760.0,4308459520.0,231503978.0,2450.0,45952,93760.0,0.0,94475.0,-1.94,1.0,981
2023-12-12,93701.0,92860.0,93753.0,93069.0,4427374984.0,150796174.0,1618.0,47576,93059.0,0.0,93198.0,-0.74,1.0,780
2023-12-13,93002.0,92430.0,93241.0,92731.0,4445559456.0,101042105.0,1089.0,47944,92724.0,0.0,92775.0,-0.36,1.0,610
2023-12-14,92926.0,92190.0,93266.0,92979.0,4553553546.0,207594430.0,2241.0,48974,92979.0,0.0,92635.0,0.27,1.0,951
2023-12-15,93019.0,92390.0,93550.0,93142.0,4606247674.0,196465917.0,2114.0,49462,93127.0,0.0,92937.0,0.18,1.0,871
2023-12-18,93244.0,92049.0,93452.0,92380.0,4623091566.0,279701255.0,3012.0,50034,92399.0,0.0,92854.0,-0.82,1.0,1130
2023-12-19,92356.0,91927.0,92957.0,92882.0,4649648308.0,202114263.0,2191.0,50084,92837.0,0.0,92247.0,0.54,1.0,956
2023-12-20,92825.0,92738.0,93499.0,92847.0,5277965400.0,535292396.0,5754.0,56844,92850.0,0.0,93037.0,-0.04,4.0,2337
2023-12-21,92925.0,92370.0,93802.0,92916.0,12049346880.0,4054575053.0,43599.0,129680,92916.0,0.0,92998.0,0.07,1.0,14398
2023-12-22,92960.0,92195.0,93076.0,92740.0,13727597736.0,1499957525.0,16177.0,148024,92739.0,0.0,92722.0,-0.19,1.0,5929
2023-12-25,92746.0,92140.0,93345.0,92377.0,14225010738.0,1309221923.0,14106.0,154002,92369.0,0.0,92859.0,-0.39,1.0,4083
2023-12-26,92360.0,92085.0,93100.0,92771.0,14385193156.0,823548233.0,8886.0,155068,92767.0,0.0,92684.0,0.43,1.0,3060
2023-12-27,92716.0,92621.0,93401.0,93100.0,14477047940.0,613752191.0,6592.0,155510,93094.0,0.0,93110.0,0.36,1.0,2555
2023-12-28,93030.0,91690.0,93030.0,92286.0,14404865700.0,1296328346.0,14056.0,156108,92275.0,0.0,92215.0,-0.87,2.0,5325
2023-12-29,92199.0,91753.0,92827.0,92672.0,14328869720.0,798394407.0,8647.0,154706,92620.0,0.0,92328.0,0.42,1.0,3873
2024-01-03,92715.0,92685.0,93803.0,93721.0,14535377332.0,586041243.0,6276.0,155092,93721.0,0.0,93391.0,1.13,1.0,2399
2024-01-04,93707.0,93010.0,94171.0,93055.0,14459431474.0,851918028.0,9105.0,155446,93019.0,0.0,93569.0,-0.71,2.0,2923
2024-01-05,93110.0,92300.0,93402.0,92352.0,14365985480.0,508638859.0,5485.0,155540,92362.0,0.0,92723.0,-0.76,1.0,2163
2024-01-08,92352.0,91980.0,93139.0,92790.0,14273414190.0,1151267445.0,12427.0,153810,92799.0,0.0,92653.0,0.47,1.0,5322
2024-01-09,92720.0,91441.0,92849.0,91949.0,14097436782.0,1071690674.0,11627.0,153318,91949.0,0.0,92169.0,-0.91,1.0,6153
2024-01-10,92000.0,91498.0,92175.0,92065.0,15421439890.0,1541949952.0,16781.0,167506,92065.0,0.0,91886.0,0.13,1.0,5921
2024-01-11,92066.0,90970.0,92080.0,91006.0,15722378572.0,970562334.0,10623.0,172762,91006.0,0.0,91355.0,-1.15,1.0,5299
2024-01-12,91050.0,90500.0,91170.0,90978.0,16298890656.0,943400623.0,10393.0,179152,90978.0,0.0,90765.0,-0.03,1.0,4838
2024-01-15,91034.0,90089.0,91060.0,90200.0,16727279460.0,1128607951.0,12484.0,185426,90210.0,0.0,90408.0,-0.85,1.0,6078
2024-01-16,90280.0,90040.0,91290.0,90457.0,19431823992.0,2725241314.0,30077.0,214892,90426.0,0.0,90612.0,0.29,2.0,10056
2024-01-17,90466.0,90465.0,91763.0,91550.0,20504124264.0,1744512193.0,19145.0,224008,91533.0,0.0,91123.0,1.21,1.0,7806
2024-01-18,91546.0,91120.0,91889.0,91641.0,20972497100.0,704758770.0,7707.0,228820,91655.0,0.0,91443.0,0.1,1.0,3907
2024-01-19,91700.0,90696.0,91700.0,90837.0,21108309120.0,934653342.0,10255.0,232368,90840.0,0.0,91140.0,-0.88,1.0,4693
2024-01-22,90830.0,90212.0,90916.0,90561.0,21338163942.0,609955903.0,6739.0,235622,90561.0,0.0,90512.0,-0.3,1.0,3996
2024-01-23,90534.0,90209.0,91309.0,91237.0,21567460512.0,578321128.0,6363.0,236392,91236.0,0.0,90897.0,0.75,1.0,3265
2024-01-24,91299.0,90781.0,91650.0,91375.0,21871567872.0,616180465.0,6762.0,239316,91392.0,0.0,91125.0,0.15,15.0,2692
2024-01-25,91350.0,91146.0,92350.0,91902.0,22554036378.0,1189247476.0,12944.0,245422,91899.0,0.0,91881.0,0.58,1.0,5733
2024-01-26,91935.0,91790.0,92959.0,92773.0,23647509246.0,1458311544.0,15756.0,254858,92787.0,0.0,92568.0,0.95,1.0,8275
2024-01-29,92687.0,91690.0,93149.0,91723.0,25304738920.0,2239668995.0,24239.0,275816,91745.0,0.0,92389.0,-1.13,2.0,14397
2024-01-30,91702.0,91334.0,92339.0,92219.0,27569862152.0,3198552381.0,34821.0,298964,92218.0,0.0,91865.0,0.54,1.0,19410
2024-01-31,92198.0,91915.0,92817.0,92645.0,33684050466.0,5401156147.0,58517.0,363378,92697.0,0.0,92303.0,0.46,1.0,37106
2024-02-01,92666.0,92476.0,93616.0,93445.0,42810747160.0,7881409485.0,84603.0,458212,93430.0,0.0,93170.0,0.86,1.0,55881
2024-02-02,93444.0,93309.0,94550.0,94049.0,52343104560.0,8824733567.0,94063.0,556510,94056.0,0.0,93824.0,0.65,1.0,37092
2024-02-05,94070.0,93182.0,94779.0,93507.0,52971336012.0,3752349978.0,39823.0,566502,93506.0,0.0,94232.0,-0.58,1.0,16292
2024-02-06,93473.0,93299.0,94071.0,93984.0,56025063952.0,2977372323.0,31834.0,596024,93998.0,0.0,93539.0,0.51,1.0,16609
2024-02-07,94000.0,93539.0,94370.0,93993.0,60569438116.0,4404330353.0,46805.0,644534,93974.0,0.0,94099.0,0.01,2.0,22689
2024-02-08,93977.0,93182.0,94434.0,93189.0,66551200632.0,6635278187.0,70587.0,714084,93198.0,0.0,94000.0,-0.85,1.0,29772
2024-02-09,93226.0,92805.0,93550.0,93437.0,67988418544.0,2899700551.0,31164.0,728528,93323.0,0.0,93053.0,0.27,6.0,17956
2024-02-12,93350.0,93321.0,93984.0,93815.0,74771350120.0,6314987418.0,67468.0,796966,93820.0,0.0,93603.0,0.4,3.0,23933
2024-02-13,93821.0,93432.0,93988.0,93700.0,80289331920.0,4590046651.0,48999.0,856968,93690.0,0.0,93662.0,-0.12,1.0,11506
2024-02-14,93684.0,93583.0,94187.0,93878.0,83317437632.0,3373768077.0,35965.0,887744,93853.0,0.0,93812.0,0.19,1.0,14508
2024-02-15,93924.0,93703.0,94500.0,94364.0,87465704130.0,3723684813.0,39583.0,926730,94381.0,0.0,94047.0,0.52,1.0,14606
2024-02-16,94350.0,93852.0,94750.0,93865.0,91929254400.0,8091160834.0,85910.0,979200,93882.0,0.0,94197.0,-0.53,35.0,14722
2024-02-19,93851.0,93688.0,94474.0,94450.0,95428761672.0,2816914175.0,29916.0,1010748,94414.0,0.0,94167.0,0.62,1.0,13043
2024-02-20,94380.0,93888.0,94464.0,94357.0,101873425984.0,5629691951.0,59768.0,1079648,94358.0,0.0,94088.0,-0.1,7.0,13390
2024-02-21,94352.0,94057.0,94613.0,94450.0,103955760240.0,2850522869.0,30224.0,1100620,94452.0,0.0,94308.0,0.1,1.0,9997
2024-02-22,94423.0,93420.0,94550.0,94274.0,107789637780.0,8983952756.0,95445.0,1143414,94270.0,0.0,94116.0,-0.19,2.0,32566
2024-02-26,94310.0,93537.0,94900.0,94090.0,121918246580.0,9626101441.0,102202.0,1295762,94090.0,0.0,94098.0,-0.19,1.0,15768
2024-02-27,94095.0,93727.0,94379.0,94170.0,133557976520.0,7193133992.0,76438.0,1418114,94180.0,0.0,94065.0,0.08,3.0,16412
2024-02-28,94150.0,93295.0,94261.0,93375.0,141464184234.0,7410554936.0,78884.0,1514914,93381.0,0.0,93899.0,-0.84,1.0,17766
2024-02-29,93320.0,92700.0,93693.0,93139.0,149398122726.0,6042175627.0,64901.0,1604034,93139.0,0.0,93025.0,-0.25,1.0,11433
2024-03-01,93180.0,93151.0,93926.0,93806.0,158144046588.0,5477417956.0,58698.0,1686564,93767.0,0.0,93515.0,0.72,1.0,8014
2024-03-04,93857.0,93217.0,93872.0,93385.0,163454430944.0,4613491780.0,49328.0,1750816,93359.0,0.0,93436.0,-0.45,1.0,8722
2024-03-05,93334.0,92670.0,93466.0,92754.0,169676991800.0,6411075958.0,68832.0,1828810,92780.0,0.0,93126.0,-0.68,5.0,14852
2024-03-06,92720.0,92317.0,93133.0,92870.0,190787586420.0,14911243369.0,160849.0,2054860,92847.0,0.0,92643.0,0.12,1.0,18766
2024-03-07,92864.0,92800.0,93365.0,93050.0,211434822352.0,18440665128.0,198152.0,2271856,93067.0,0.0,93029.0,0.19,3.0,23558
2024-03-11,93066.0,92495.0,93103.0,92732.0,226768893526.0,10869062753.0,117175.0,2444974,92749.0,0.0,92724.0,-0.34,1.0,20522
2024-03-12,92730.0,92690.0,94045.0,93881.0,251288650716.0,17409494792.0,186685.0,2676444,93889.0,0.0,93307.0,1.24,9.0,40963
2024-03-13,93881.0,93539.0,94100.0,93895.0,277000878856.0,21098342995.0,224737.0,2950396,93886.0,0.0,93864.0,0.01,1.0,44152
2024-03-14,93900.0,93750.0,94228.0,94173.0,308742647304.0,25656472192.0,272952.0,3278184,94181.0,0.0,94017.0,0.3,2.0,49180
2024-03-15,94200.0,94000.0,95317.0,95246.0,338227061718.0,23060926622.0,243855.0,3549934,95277.0,0.0,94616.0,1.14,1.0,32454
2024-03-18,95257.0,93707.0,95320.0,94350.0,364959261250.0,33804525073.0,357899.0,3867118,94375.0,0.0,94398.0,-0.94,1.0,59824
2024-03-19,94349.0,94141.0,95244.0,94825.0,403405790186.0,39026023798.0,411576.0,4254034,94829.0,0.0,94798.0,0.5,1.0,75358
2024-03-20,94830.0,94578.0,95251.0,94890.0,457342170246.0,56487163857.0,594896.0,4820166,94881.0,0.0,94974.0,0.07,1.0,128064
2024-03-21,94864.0,93901.0,95189.0,94594.0,509733416976.0,108391801386.0,1147944.0,5389214,94584.0,0.0,94423.0,-0.31,3.0,203243
2024-03-22,94602.0,94557.0,95555.0,95329.0,535795255632.0,76201819977.0,800863.0,5621252,95316.0,0.0,95153.0,0.78,2.0,181302
2024-03-25,95330.0,94870.0,96085.0,95143.0,528399484820.0,87764553438.0,921462.0,5553740,95143.0,0.0,95246.0,-0.19,17.0,203417
2024-03-26,95110.0,94700.0,95354.0,95220.0,547935383268.0,61052929703.0,642555.0,5754294,95222.0,0.0,95010.0,0.08,10.0,136058
2024-03-27,95207.0,94218.0,95308.0,94460.0,564638437902.0,87721804652.0,925341.0,5976338,94479.0,0.0,94800.0,-0.8,1.0,217518
2024-03-28,94461.0,94308.0,94866.0,94820.0,555841230120.0,69968930271.0,739369.0,5864232,94785.0,0.0,94631.0,0.38,15.0,171315
2024-03-29,94822.0,94050.0,94899.0,94461.0,548219421168.0,103732359915.0,1099329.0,5803536,94463.0,0.0,94355.0,-0.38,1.0,224650
2024-04-01,94480.0,94255.0,94838.0,94750.0,563313896880.0,58564777979.0,619373.0,5944638,94760.0,0.0,94555.0,0.31,30.0,147944
2024-04-02,94797.0,94565.0,95188.0,94780.0,573761437872.0,63343341722.0,667694.0,6052272,94801.0,0.0,94869.0,0.03,6.0,146107
2024-04-03,94753.0,94207.0,94990.0,94701.0,586910636600.0,64939477082.0,686761.0,6197578,94700.0,0.0,94559.0,-0.08,3.0,164924
2024-04-04,94701.0,94320.0,94745.0,94509.0,593698355316.0,48778023402.0,515968.0,6281924,94509.0,0.0,94537.0,-0.2,67.0,122706
2024-04-05,94467.0,94407.0,94991.0,94741.0,598480289348.0,58382661537.0,616282.0,6316348,94751.0,0.0,94733.0,0.24,19.0,149965
2024-04-08,94755.0,94552.0,94923.0,94780.0,579843870032.0,55163657421.0,582326.0,6116432,94801.0,0.0,94720.0,0.04,1.0,119679
2024-04-09,94823.0,94722.0,95150.0,95125.0,593017053496.0,43246737462.0,455270.0,6235852,95098.0,0.0,94991.0,0.36,24.0,107205
2024-04-10,95124.0,95077.0,95858.0,95627.0,594677473416.0,66236471768.0,693568.0,6217614,95644.0,0.0,95501.0,0.53,1.0,137209
2024-04-11,95630.0,95057.0,96131.0,95260.0,590338849764.0,72138900979.0,754293.0,6197588,95253.0,0.0,95638.0,-0.38,5.0,154603
2024-04-12,95270.0,95000.0,95600.0,95124.0,604509976070.0,58645447950.0,615947.0,6356906,95095.0,0.0,95212.0,-0.14,1.0,128201
2024-04-15,95165.0,95001.0,95429.0,95373.0,606228351726.0,40018517167.0,420133.0,6355994,95379.0,0.0,95252.0,0.26,1.0,110170
2024-04-16,95365.0,95278.0,96290.0,96289.0,594221534880.0,74942023870.0,781941.0,6172640,96267.0,0.0,95842.0,0.96,1.0,139238
2024-04-17,96265.0,95682.0,96300.0,95809.0,592983782610.0,56019530061.0,583730.0,6188970,95813.0,0.0,95968.0,-0.5,50.0,138475
2024-04-18,95816.0,95059.0,96050.0,95141.0,607931280640.0,74098974225.0,776113.0,6387980,95168.0,0.0,95474.0,-0.7,2.0,159192
2024-04-19,95169.0,94405.0,95326.0,94644.0,616148225210.0,68056370564.0,718000.0,6510098,94645.0,0.0,94785.0,-0.52,2.0,155466
2024-04-22,94645.0,94310.0,94877.0,94692.0,619625225560.0,44339182964.0,468757.0,6543724,94690.0,0.0,94589.0,0.05,1.0,107420
2024-04-23,94685.0,94156.0,94721.0,94390.0,616116596472.0,44810121623.0,474318.0,6526728,94399.0,0.0,94472.0,-0.32,2.0,112911
2024-04-24,94361.0,93665.0,94449.0,93770.0,610033916896.0,59048577891.0,628741.0,6504392,93788.0,0.0,93916.0,-0.66,1.0,138218
2024-04-25,93765.0,93560.0,94045.0,93700.0,617437587976.0,59157357149.0,630665.0,6590078,93692.0,0.0,93802.0,-0.07,25.0,145335
2024-04-26,93701.0,92767.0,93980.0,93045.0,631873125800.0,83094061904.0,889805.0,6790100,93058.0,0.0,93384.0,-0.7,4.0,202718
2024-04-27,93053.0,93037.0,93943.0,93930.0,634829354224.0,34970082224.0,374164.0,6760624,93901.0,0.0,93462.0,0.95,1.0,100364
2024-04-29,93932.0,93844.0,94720.0,94400.0,638763724160.0,36806645796.0,390005.0,6769792,94355.0,0.0,94375.0,0.5,17.0,108969
2024-04-30,94353.0,94011.0,94648.0,94224.0,635427419302.0,32037095007.0,339634.0,6743438,94229.0,0.0,94328.0,-0.19,9.0,98670
